Ticker,1D_Price,1D_MACD_Black,1D_MACD_Red,1D_RSI_2,1D_RSI_14,1D_Stoch_K_Black,1D_Stoch_D_Red,1D_NVI_Black,1D_NVI_Red,15m_Price,15m_MACD_Black,15m_MACD_Red,15m_RSI_2,15m_RSI_14,15m_Stoch_K_Black,15m_Stoch_D_Red,15m_NVI_Black,15m_NVI_Red
360ONE.NS,1076.45,-9.85,-25.58,98.09,61.27,98.98,98.84,44.49,53.65,1080.0,5.33,4.5,98.81,73.96,100.0,94.15,96.89,96.55
3MINDIA.NS,31265.0,-777.8,-1014.76,44.77,44.98,96.15,95.74,42.71,54.95,31265.0,-46.42,-33.68,7.16,37.15,30.86,32.62,99.86,99.53
ABB.NS,6883.5,217.54,155.56,90.71,70.53,97.15,97.61,119.06,116.5,6875.0,3.85,-7.98,47.62,57.68,93.14,96.95,98.27,98.35
ACC.NS,1442.8,-20.98,-43.01,84.76,53.03,97.91,97.05,114.53,110.13,1444.1,3.01,1.82,78.9,64.52,94.6,90.64,103.8,101.29
ACMESOLAR.NS,287.45,12.2,10.81,89.97,66.53,95.42,81.13,37.06,52.11,287.95,0.04,-0.05,91.72,57.66,98.53,80.5,94.1,94.22
AIAENG.NS,3925.3,31.71,-17.65,96.44,63.21,100.0,98.31,79.08,87.96,3925.3,-2.29,3.19,48.28,44.75,10.92,5.43,104.91,104.41
APLAPOLLO.NS,2045.3,-9.55,-26.48,65.77,52.86,78.6,82.44,97.42,97.75,2045.3,4.38,3.54,24.05,58.08,80.71,90.75,99.76,101.1
AUBANK.NS,983.95,10.0,-4.88,89.35,60.33,99.04,98.78,99.33,102.07,983.95,0.06,-0.53,59.48,54.38,87.1,93.01,96.0,95.22
AWL.NS,182.09,-1.94,-3.03,60.76,48.84,78.04,68.93,15.55,22.94,182.07,-0.04,-0.09,28.03,50.57,93.13,97.71,99.56,99.65
AADHARHFC.NS,491.6,3.22,-0.58,88.6,60.57,91.77,91.77,42.9,51.52,493.0,2.86,3.01,59.78,62.44,41.97,54.11,90.02,91.49
AARTIIND.NS,437.9,0.8,-1.92,99.02,57.13,99.89,98.05,35.96,50.64,437.95,2.04,1.71,42.77,63.35,73.42,83.14,91.24,91.59
AAVAS.NS,1308.3,13.47,-15.02,98.83,66.12,100.0,100.0,68.73,70.6,1312.0,3.09,4.08,70.82,58.96,13.34,5.19,104.85,100.2
ABBOTINDIA.NS,25860.0,-263.93,-259.39,48.35,44.43,51.83,53.42,82.4,84.04,25830.0,-23.44,-20.38,11.78,44.31,61.11,66.67,102.05,101.15
ACE.NS,915.15,12.33,-1.78,80.67,62.0,92.71,93.72,73.74,75.19,915.0,1.38,0.82,98.58,61.69,100.0,96.52,100.41,99.12
ADANIENSOL.NS,1222.6,47.42,21.0,96.84,74.17,99.12,99.41,16.57,17.74,1228.0,9.38,6.38,90.39,78.22,94.86,96.51,111.29,106.33
ADANIENT.NS,2203.7,24.05,-21.2,99.27,66.23,100.0,99.89,73.29,73.58,2203.7,8.64,5.71,74.02,71.73,91.16,95.04,102.22,100.14
ADANIGREEN.NS,1118.9,51.99,21.52,99.9,76.08,100.0,100.0,33.87,36.83,1124.0,3.7,2.33,99.16,75.04,100.0,86.97,102.37,101.47
ADANIPORTS.NS,1549.8,16.98,-6.35,95.67,65.31,98.05,97.66,101.89,101.24,1545.0,9.2,9.18,17.07,62.93,41.63,47.67,94.78,94.5
ADANIPOWER.NS,193.19,10.04,6.74,99.97,84.69,100.0,100.0,46.12,51.63,193.8,1.89,1.29,99.13,79.45,100.0,97.22,95.55,94.91
ATGL.NS,597.6,14.5,6.76,89.31,63.9,94.67,92.26,13.8,23.64,600.1,2.47,1.72,92.72,72.45,97.02,94.74,85.65,87.96
ABCAPITAL.NS,337.95,2.73,-2.34,41.54,56.0,93.12,95.19,56.29,58.2,338.25,-0.89,-1.02,20.63,40.35,75.29,80.3,96.81,96.26
ABFRL.NS,63.78,-0.41,-1.51,92.66,56.99,99.86,98.69,37.35,50.92,64.0,0.12,0.03,88.45,65.66,95.92,97.28,94.95,95.06
ABREL.NS,1422.0,35.91,-1.24,99.86,70.58,100.0,100.0,39.56,48.9,1415.0,1.06,1.36,10.01,47.29,69.5,86.13,97.57,97.28
ABSLAMC.NS,1049.8,31.21,19.76,97.71,66.38,100.0,97.93,45.99,54.41,1052.0,3.05,1.12,77.58,62.77,80.7,83.69,90.17,88.76
AEGISLOG.NS,659.55,-3.81,-13.53,85.96,58.42,92.95,91.83,34.61,51.89,659.0,0.1,0.53,4.95,47.19,3.31,4.61,91.92,94.72
AFCONS.NS,346.95,8.07,-0.22,85.7,70.03,87.7,88.25,69.87,74.85,346.0,0.87,1.02,30.32,50.78,33.69,53.51,95.45,101.46
AFFLE.NS,1446.8,0.25,-11.4,94.34,56.06,90.03,82.32,42.88,61.09,1450.0,7.18,6.0,82.55,64.93,50.73,50.76,108.55,107.81
AJANTPHARM.NS,2827.6,-27.72,-33.12,33.67,47.57,86.71,80.76,58.42,64.35,2827.6,-8.35,-11.46,47.5,43.48,90.87,93.99,91.45,94.1
ALKEM.NS,5570.0,1.55,-41.05,82.85,58.66,92.84,93.17,87.72,82.39,5545.0,7.11,7.94,12.56,46.12,53.01,74.63,102.84,100.67
ABDL.NS,539.5,13.09,-3.12,93.86,70.84,97.33,97.37,64.37,78.06,539.8,4.84,4.84,97.23,67.45,67.76,47.26,101.55,101.66
ARE&M.NS,772.7,-13.66,-22.59,94.61,53.78,96.66,93.96,59.29,62.3,774.2,2.98,2.21,99.98,72.12,100.0,99.34,108.23,104.3
AMBER.NS,7714.5,75.52,-66.04,95.3,64.6,97.88,97.18,35.33,37.41,7714.5,54.73,53.58,34.44,66.61,76.89,86.27,93.65,93.69
AMBUJACEM.NS,458.05,-5.72,-13.56,86.48,54.54,98.09,96.34,87.2,97.47,458.5,1.01,0.69,80.9,63.36,97.03,93.1,90.93,92.25
ANANDRATHI.NS,3632.9,148.37,91.48,70.64,81.07,97.81,99.27,97.38,96.67,3650.0,-4.48,-4.19,98.46,55.01,39.7,16.1,105.98,104.3
ANANTRAJ.NS,510.0,0.81,-8.84,93.44,59.39,98.83,97.73,27.92,43.95,512.0,1.84,1.31,99.57,71.4,100.0,97.8,98.71,96.74
ANGELONE.NS,292.61,14.3,7.31,65.59,71.87,94.25,96.9,100.14,111.05,292.5,-0.45,-0.65,71.04,51.32,98.96,96.39,98.53,98.03
ANURAS.NS,1266.4,3.35,-0.52,27.39,50.74,77.56,87.39,69.1,74.04,1266.4,-2.63,-2.67,7.63,37.15,54.47,68.58,88.39,90.98
APARINDS.NS,11266.5,379.26,243.75,78.46,65.92,82.12,86.98,34.89,40.1,11275.0,0.42,0.56,93.22,52.65,73.65,58.51,92.36,94.17
APOLLOHOSP.NS,7553.0,8.97,-12.81,45.64,53.64,88.98,94.01,87.8,93.81,7555.0,-16.04,-20.12,59.03,45.68,86.85,84.39,97.94,98.44
APOLLOTYRE.NS,443.65,-1.27,-6.87,81.55,56.57,94.15,93.07,50.63,64.5,443.9,0.8,0.28,56.63,63.99,91.16,96.09,91.75,93.47
APTUS.NS,246.86,-0.45,-6.48,99.84,67.58,100.0,100.0,44.93,56.39,248.01,3.03,3.32,90.98,81.07,67.94,54.58,94.57,92.9
ASAHIINDIA.NS,849.9,-8.73,-16.45,56.59,50.02,73.81,80.35,26.25,38.54,849.9,0.91,1.45,66.35,53.08,22.46,15.56,93.29,93.0
ASHOKLEY.NS,176.73,-3.65,-6.87,73.55,52.47,91.12,92.02,85.05,81.62,176.72,0.15,0.09,28.27,54.09,72.64,83.44,97.68,95.7
ASIANPAINT.NS,2440.3,15.8,-20.12,95.49,63.42,99.07,98.51,74.38,81.19,2440.3,5.13,5.37,54.71,58.5,74.89,68.6,100.57,98.62
ASTERDM.NS,674.35,10.26,9.9,45.46,55.3,58.19,63.76,31.73,35.27,675.7,-0.86,-0.55,55.56,44.56,45.18,32.16,95.02,95.34
ASTRAL.NS,1578.7,-5.45,-6.68,20.41,47.51,83.11,86.87,59.54,73.99,1578.7,-7.06,-11.78,78.53,52.76,95.95,97.54,98.07,98.45
ATUL.NS,6598.5,39.88,3.24,82.65,58.95,85.29,84.84,61.5,74.44,6600.0,16.48,19.87,70.46,59.93,45.62,53.59,97.54,98.45
AUROPHARMA.NS,1386.5,33.63,30.94,92.33,70.28,84.89,81.59,53.29,57.83,1387.0,3.82,2.79,99.07,74.24,100.0,97.73,106.24,104.12
AIIL.NS,448.25,-12.29,-13.18,76.69,47.9,37.29,32.84,43.91,69.38,446.15,0.52,0.49,34.48,50.51,59.44,64.53,77.14,79.77
DMART.NS,4428.3,162.78,131.14,36.9,65.57,73.25,75.1,75.19,79.61,4436.5,-5.77,-9.03,99.03,54.53,100.0,95.57,104.23,104.11
AXISBANK.NS,1349.6,16.65,-3.75,56.23,61.39,98.61,98.66,100.39,106.53,1348.0,-0.59,-0.98,16.5,45.07,51.28,70.61,111.02,108.86
BEML.NS,1740.0,16.59,-19.49,99.87,65.09,100.0,100.0,24.35,32.16,1744.0,9.44,8.91,99.43,69.87,100.0,84.07,92.99,93.68
BLS.NS,298.55,8.4,3.04,84.38,61.95,87.39,86.18,12.76,20.96,300.01,0.93,1.12,93.25,65.72,40.23,18.79,86.06,88.96
BSE.NS,3446.7,142.64,82.2,99.42,71.94,100.0,100.0,68.72,75.97,3444.0,7.86,7.58,39.65,58.55,90.93,90.58,91.79,92.31
BAJAJ-AUTO.NS,9825.0,94.91,-35.42,67.57,61.73,98.32,99.44,84.72,89.73,9825.0,-4.58,-10.43,46.59,51.74,87.72,84.27,103.26,101.7
BAJFINANCE.NS,905.9,-4.2,-16.51,45.31,52.49,87.0,90.64,121.19,124.51,905.9,-2.69,-1.9,12.34,35.35,21.76,36.51,103.7,100.78
BAJAJFINSV.NS,1829.9,-17.13,-43.61,83.19,55.35,97.16,96.36,103.07,99.28,1829.9,0.57,1.42,19.49,48.15,53.78,59.83,103.55,101.17
BAJAJHLDNG.NS,10205.0,-72.33,-232.89,87.89,57.25,96.91,96.51,50.48,63.78,10220.0,26.69,24.71,78.77,63.23,90.67,81.62,100.51,97.91
BAJAJHFL.NS,89.2,0.64,-0.87,90.62,64.53,97.83,97.34,53.13,61.42,89.07,0.15,0.18,12.75,52.33,63.34,61.03,99.16,97.28
BALKRISIND.NS,2342.4,-4.72,-40.56,89.01,58.81,96.46,96.39,62.88,74.74,2335.0,12.21,9.7,48.06,65.69,76.9,89.29,93.31,93.06
BALRAMCHIN.NS,483.75,1.57,3.58,68.64,51.49,28.22,15.65,39.6,47.25,484.0,0.31,0.24,76.96,55.06,77.33,76.07,96.44,94.79
BANDHANBNK.NS,174.18,0.96,-1.91,92.26,60.19,98.37,98.37,61.1,69.62,174.0,0.15,0.22,22.99,49.63,66.75,69.67,98.78,95.53
BANKBARODA.NS,279.39,-3.67,-6.8,91.12,52.22,99.55,99.06,98.69,105.14,279.39,0.05,-0.09,44.25,54.48,92.31,95.75,100.45,99.47
BANKINDIA.NS,148.86,-2.93,-4.16,77.03,49.69,94.55,93.13,52.32,55.19,148.81,0.08,0.18,17.07,48.2,39.89,47.77,103.58,100.4
MAHABANK.NS,71.25,1.16,0.34,76.2,59.96,97.14,97.61,27.66,30.36,71.4,0.01,-0.05,95.33,57.82,97.22,96.9,92.35,91.62
BATAINDIA.NS,746.6,-4.19,-21.9,98.72,59.94,100.0,99.8,43.83,58.42,747.0,0.57,-0.14,89.96,60.53,92.17,89.95,93.38,93.72
BAYERCROP.NS,4931.1,87.8,51.53,55.73,63.03,93.26,97.21,91.84,102.09,4950.0,-17.5,-12.61,85.71,43.45,40.54,21.21,99.58,98.77
BERGEPAINT.NS,472.1,5.82,-2.29,81.44,67.43,98.22,99.21,78.98,84.54,471.5,0.13,0.3,28.71,49.83,78.62,70.15,104.74,101.68
BDL.NS,1359.4,13.65,-8.38,86.6,60.22,98.09,98.09,42.82,59.51,1359.4,-0.53,-1.35,74.06,54.97,89.03,83.79,95.2,95.1
BEL.NS,455.65,2.81,-1.24,98.09,62.75,99.12,99.12,129.07,130.0,456.5,1.43,1.28,98.77,71.5,100.0,81.22,104.22,103.02
BHARATFORG.NS,1855.8,20.04,4.38,94.81,61.55,100.0,96.79,98.9,103.18,1856.0,6.21,5.19,48.99,64.92,91.31,85.87,105.17,101.77
BHEL.NS,309.26,8.63,2.75,99.79,72.84,100.0,100.0,84.49,89.21,310.4,3.06,1.33,97.37,87.89,99.48,94.78,105.35,102.36
BPCL.NS,307.95,-8.72,-14.36,69.77,50.95,93.51,94.62,72.9,88.3,309.0,0.19,0.5,73.7,53.6,26.38,17.37,83.44,85.24
BHARTIARTL.NS,1840.6,-9.68,-20.37,12.2,47.34,82.4,91.98,105.66,113.23,1836.0,-4.02,-5.68,25.78,42.76,85.15,93.07,101.11,100.42
BHARTIHEXA.NS,1533.0,-18.44,-23.36,55.03,46.48,83.94,76.32,55.5,57.36,1533.0,-1.16,-2.5,81.58,54.22,82.81,82.85,100.45,99.14
BIKAJI.NS,641.8,2.66,-0.62,53.43,55.49,91.86,94.65,36.14,45.14,641.8,0.51,0.25,60.69,57.08,95.52,95.93,94.16,94.73
BIOCON.NS,350.75,-8.96,-7.94,72.18,41.8,46.59,40.66,46.42,49.47,350.6,0.17,0.06,35.66,54.86,91.21,88.89,106.06,104.4
BSOFT.NS,388.15,-0.33,-5.39,92.97,58.77,93.37,89.45,40.73,52.7,388.15,1.4,1.82,63.67,59.67,41.05,32.36,103.51,102.5
BLUEDART.NS,5239.6,-59.74,-112.31,83.59,54.55,92.41,92.41,49.9,52.72,5250.0,21.28,18.82,37.24,69.32,96.07,98.69,109.03,105.55
BLUEJET.NS,416.75,5.2,-4.13,91.95,62.82,97.91,96.96,53.61,60.76,417.0,1.75,1.29,88.73,67.5,93.98,92.58,109.17,106.32
BLUESTARCO.NS,1849.3,-24.52,-54.98,99.3,59.44,100.0,100.0,44.99,48.52,1849.3,11.72,9.68,66.57,68.78,95.28,98.09,93.99,92.65
BBTC.NS,1501.0,-34.54,-54.17,76.16,49.84,94.87,93.47,16.79,21.95,1501.0,2.28,1.8,54.25,56.57,75.5,60.02,96.19,96.56
BOSCHLTD.NS,37440.0,1097.09,229.68,81.84,67.69,93.17,94.84,97.02,104.22,37380.0,80.62,47.35,43.92,62.4,79.49,90.43,101.26,99.64
FIRSTCRY.NS,247.43,4.56,1.16,79.39,58.84,93.49,87.86,18.06,32.23,245.35,-0.27,-0.32,12.36,40.25,59.71,80.58,75.5,79.56
BRIGADE.NS,738.5,9.19,-1.94,66.12,59.94,95.43,95.79,55.58,63.98,735.0,-0.77,-0.46,5.63,37.55,8.85,31.35,90.61,92.95
BRITANNIA.NS,5586.0,-76.03,-98.29,41.25,45.67,93.77,92.94,92.94,94.04,5600.0,-5.9,-10.59,79.93,53.45,96.8,96.46,103.41,101.75
MAPMYINDIA.NS,921.95,-29.56,-49.17,36.46,46.1,92.94,94.61,32.51,44.08,921.95,-2.42,-4.04,51.09,50.4,95.19,93.53,89.29,90.86
CCL.NS,1070.6,15.43,19.22,20.02,50.66,13.54,15.97,44.89,54.09,1072.8,-2.38,-3.03,54.36,46.13,30.55,49.66,102.52,100.66
CESC.NS,170.48,2.31,0.6,99.87,74.1,100.0,100.0,42.49,51.31,171.0,1.66,0.94,99.7,80.51,100.0,100.0,97.85,98.12
CGPOWER.NS,755.9,12.72,5.83,86.46,63.98,91.73,90.67,83.03,81.63,755.9,1.69,1.77,67.49,60.98,78.72,66.5,94.69,92.92
CRISIL.NS,4126.3,-50.28,-106.28,85.73,55.09,97.54,97.54,32.9,36.15,4190.0,4.57,3.07,92.77,66.85,44.66,34.06,112.53,108.41
CANFINHOME.NS,858.8,-2.0,-8.73,99.01,56.04,100.0,100.0,67.1,69.76,856.15,0.55,0.87,29.73,48.87,39.4,44.28,98.14,97.3
CANBK.NS,141.03,-0.85,-2.7,64.85,53.98,96.11,96.21,108.9,115.43,141.08,-0.07,-0.16,39.46,51.79,92.46,93.89,96.31,97.69
CAPLIPOINT.NS,1764.9,10.44,-14.49,91.94,65.11,96.52,96.52,39.2,42.77,1760.0,8.52,9.4,9.5,58.78,44.52,71.73,99.99,98.7
CGCL.NS,185.13,4.0,1.97,76.8,62.22,98.66,98.82,14.68,18.93,188.01,-0.04,-0.83,99.57,74.81,100.0,88.89,94.03,94.0
CARBORUNIV.NS,886.7,24.09,12.84,62.13,65.05,89.63,91.96,40.56,43.75,886.7,-0.02,-0.56,39.55,51.11,87.41,88.49,109.2,109.35
CARTRADE.NS,1797.9,-18.25,-43.85,43.4,49.37,72.15,77.99,22.15,25.53,1805.0,-4.02,-6.6,89.06,56.35,92.74,77.55,100.58,101.56
CASTROLIND.NS,180.58,-0.21,-0.62,85.59,54.14,92.46,87.99,21.89,25.29,180.5,0.17,0.06,42.31,57.45,95.26,89.4,95.43,96.29
CEATLTD.NS,3697.5,7.71,-33.06,87.68,57.26,92.53,93.09,26.86,34.68,3700.0,12.03,8.72,99.77,73.95,98.63,84.51,91.99,91.86
CENTRALBK.NS,35.83,-0.22,-0.62,78.62,53.93,96.68,95.81,17.02,18.81,35.84,0.02,0.02,25.26,51.9,63.93,77.36,108.87,104.89
CDSL.NS,1367.8,18.37,-5.82,93.89,64.78,97.62,97.12,61.88,59.91,1369.1,6.22,5.08,67.46,69.14,76.33,87.57,108.82,108.25
CHALET.NS,768.65,-4.5,-13.67,53.39,52.67,92.55,92.63,58.22,73.66,770.0,-0.55,-1.02,88.11,54.08,89.57,90.87,96.3,97.5
CHAMBLFERT.NS,453.25,5.48,2.94,19.24,55.16,74.4,77.78,46.33,47.51,453.0,-0.73,-1.06,71.0,50.05,98.15,88.64,100.25,101.93
CHENNPETRO.NS,980.8,7.75,13.88,71.47,51.81,24.49,15.27,19.91,32.11,983.5,1.04,2.57,61.49,49.52,12.21,5.02,94.69,94.98
CHOICEIN.NS,719.3,4.08,-10.51,90.38,60.4,98.31,98.31,62.85,86.83,719.35,0.25,0.66,47.82,48.98,21.79,35.71,95.46,96.27
CHOLAHLDNG.NS,1582.4,-0.72,-28.83,69.8,55.63,80.75,82.78,43.19,54.04,1590.0,0.92,2.21,82.36,53.29,66.04,52.45,94.12,91.67
CHOLAFIN.NS,1569.9,-12.38,-37.97,72.26,54.79,87.46,89.32,85.92,91.88,1569.9,0.86,3.35,18.99,46.07,17.29,21.49,92.98,92.89
CIPLA.NS,1230.5,-24.03,-29.09,73.69,43.28,90.3,90.3,97.91,98.56,1231.0,1.17,1.46,51.53,54.99,41.78,43.92,97.62,97.29
CUB.NS,249.82,-2.64,-4.73,33.24,47.84,74.87,82.09,55.03,73.99,250.5,-0.46,-0.67,98.67,53.14,99.73,99.73,93.88,93.03
CLEAN.NS,751.6,-0.29,-9.7,85.97,57.2,95.62,92.16,41.01,52.96,750.0,0.31,-0.25,47.01,55.09,87.5,85.85,107.72,106.57
COALINDIA.NS,432.75,-0.73,2.68,14.85,42.79,2.94,5.59,92.1,97.79,432.95,-0.4,-0.67,89.71,52.33,100.0,97.33,100.63,100.26
COCHINSHIP.NS,1498.1,8.14,-18.52,86.93,59.84,96.29,96.29,21.96,31.07,1503.5,4.92,4.64,90.04,65.19,86.8,66.06,81.92,83.61
COFORGE.NS,1313.2,9.59,-16.44,91.63,63.0,93.26,87.84,62.0,74.01,1313.2,6.65,8.62,27.08,57.9,18.78,22.66,100.19,101.58
COLPAL.NS,1977.4,-33.79,-55.87,89.83,53.01,96.22,96.21,84.2,88.23,1973.4,7.47,8.94,15.89,53.04,10.29,13.77,100.78,100.92
CAMS.NS,738.4,12.86,1.37,89.29,66.59,95.58,94.72,28.39,31.59,737.8,2.79,2.34,28.48,66.27,92.11,97.37,113.71,109.97
CONCORDBIO.NS,1037.4,-31.22,-36.48,14.76,37.75,69.28,78.8,22.32,35.38,1037.3,-2.01,-1.88,6.59,39.0,9.49,16.29,94.89,94.43
CONCOR.NS,502.25,3.98,-4.08,96.96,64.91,98.92,98.92,80.63,80.02,502.25,2.5,2.39,87.7,70.33,87.46,71.7,102.01,99.12
COROMANDEL.NS,2077.8,-1.59,-28.85,21.96,52.17,78.4,87.1,66.68,79.23,2082.0,-3.43,-4.1,81.6,47.25,69.26,55.81,96.15,97.45
CRAFTSMAN.NS,7512.5,25.46,-73.02,93.08,59.15,98.66,98.71,49.17,56.96,7524.0,18.18,14.47,81.67,64.73,82.54,76.48,97.33,96.78
CREDITACC.NS,1238.7,3.53,-6.9,84.52,56.6,93.5,90.66,25.94,38.4,1244.0,-1.75,-2.47,98.48,58.87,87.55,55.74,90.68,92.63
CROMPTON.NS,260.97,-0.27,-2.94,92.48,61.64,90.21,83.55,87.22,83.8,261.5,2.9,2.72,93.89,75.26,77.02,74.78,97.97,97.39
CUMMINSIND.NS,5038.2,105.95,65.85,68.47,61.47,71.64,80.37,139.71,142.55,5038.2,2.81,-5.52,98.36,62.9,100.0,99.67,102.48,99.48
CYIENT.NS,967.3,2.77,-22.56,92.56,64.52,97.22,97.22,30.49,36.62,966.5,2.96,2.26,39.85,59.47,84.74,83.66,102.42,101.75
DCMSHRIRAM.NS,1185.0,22.82,14.6,95.67,65.29,85.02,69.21,20.32,26.65,1185.0,0.15,5.02,4.05,39.55,1.86,2.76,100.48,100.71
DLF.NS,589.7,-1.37,-11.88,93.68,59.06,97.96,95.63,155.94,145.81,590.0,1.48,1.35,26.38,59.05,85.75,91.36,98.94,97.67
DOMS.NS,2383.1,34.19,20.49,45.19,56.76,74.02,82.65,43.64,55.39,2383.1,-0.99,-1.75,17.95,47.68,84.16,89.18,95.31,95.22
DABUR.NS,427.55,-12.65,-16.56,39.8,42.07,88.47,91.34,84.08,98.79,427.8,-1.22,-0.96,18.03,34.73,25.12,24.01,100.52,98.72
DALBHARAT.NS,1974.7,2.6,-22.88,78.16,56.35,97.48,96.97,63.42,69.36,1974.7,2.09,0.63,33.86,55.56,66.07,78.7,100.74,101.13
DATAPATTNS.NS,3490.5,77.39,55.87,90.44,63.07,94.73,86.78,18.86,23.77,3505.1,7.2,2.73,98.44,65.81,99.44,92.94,95.6,92.21
DEEPAKFERT.NS,1198.65,41.9,11.84,81.08,69.28,94.81,96.32,35.09,47.6,1199.1,5.35,6.0,76.44,59.83,82.76,84.23,92.88,96.58
DEEPAKNTR.NS,1533.7,-1.47,-28.63,99.83,62.46,100.0,100.0,44.84,53.46,1532.5,4.74,2.51,43.03,65.99,94.04,98.01,92.57,93.2
DELHIVERY.NS,459.75,11.41,7.65,26.03,61.48,75.13,85.47,53.86,61.55,459.0,-0.07,-0.44,17.77,48.49,67.65,81.52,90.02,91.32
DEVYANI.NS,108.68,-2.6,-4.46,79.74,51.07,94.64,94.37,20.09,33.41,108.6,0.25,0.14,42.09,59.39,77.73,88.69,90.21,91.3
DIVISLAB.NS,6293.5,-18.19,-61.66,94.12,61.86,95.57,94.8,83.36,91.69,6295.0,27.34,30.0,25.19,66.49,40.81,54.92,103.58,100.48
DIXON.NS,11287.0,79.58,-67.76,92.03,60.67,93.87,93.75,104.48,115.68,11280.5,62.62,66.11,36.89,65.35,73.87,69.52,107.39,106.57
LALPATHLAB.NS,1410.8,9.29,-2.88,49.17,57.74,83.71,88.72,53.26,60.69,1410.8,-3.71,-4.29,92.39,46.65,100.0,89.42,90.57,93.25
DRREDDY.NS,1221.4,-16.82,-14.73,46.47,43.81,48.77,49.64,100.74,99.23,1220.8,0.8,1.02,7.93,46.88,16.29,49.63,96.54,96.75
EIDPARRY.NS,852.5,2.79,-7.34,38.96,55.1,93.78,96.67,60.32,68.66,853.0,-1.78,-2.45,58.27,47.37,78.78,82.28,98.32,97.96
EIHOTEL.NS,319.8,-1.52,-5.21,89.54,56.13,97.0,97.0,50.94,60.25,318.45,1.33,1.14,10.35,57.56,63.89,85.3,99.31,98.35
EICHERMOT.NS,7131.0,-48.16,-118.06,49.94,51.16,67.29,77.54,99.03,86.88,7131.0,6.94,-1.19,83.62,62.67,97.74,98.87,99.22,98.19
ELECON.NS,406.25,2.34,-2.05,12.14,51.81,76.83,83.84,40.0,57.5,406.05,-2.17,-2.74,15.97,39.77,69.25,80.65,96.88,96.69
ELGIEQUIP.NS,541.65,7.96,0.83,99.94,68.94,100.0,100.0,17.74,23.82,540.0,2.27,3.1,1.16,50.99,0.0,1.48,109.65,106.26
EMAMILTD.NS,425.5,-6.62,-12.18,97.65,50.83,99.83,99.83,47.57,59.43,426.0,-0.28,-0.73,98.03,54.67,100.0,95.85,101.06,98.51
EMCURE.NS,1639.0,35.84,28.88,68.42,62.04,75.58,70.52,67.08,78.65,1640.0,-0.12,-2.68,65.08,57.28,92.9,95.56,113.01,109.47
ENDURANCE.NS,2384.2,-13.38,-37.95,37.14,51.65,86.46,91.68,37.65,51.55,2385.0,-4.06,-4.02,48.7,44.24,43.32,61.92,105.54,103.72
ENGINERSIN.NS,228.32,6.11,2.53,99.42,67.86,100.0,100.0,16.44,21.99,228.0,1.72,1.7,25.34,59.61,58.17,67.42,99.43,98.0
ERIS.NS,1465.5,18.01,-1.3,99.46,69.63,100.0,100.0,52.54,59.12,1467.0,4.55,5.57,76.18,64.36,78.42,71.23,96.36,95.58
ESCORTS.NS,3282.2,-23.12,-86.03,88.5,57.78,95.63,95.63,43.49,58.47,3286.1,9.97,12.29,98.47,66.59,56.33,28.83,101.32,99.08
ETERNAL.NS,252.7,-0.65,-3.85,89.55,57.81,88.43,82.0,117.94,110.0,252.99,1.46,1.38,93.59,67.63,99.4,95.78,98.05,100.53
EXIDEIND.NS,331.4,2.02,-2.91,96.5,61.59,100.0,99.06,69.57,69.82,331.95,0.37,-0.01,94.33,66.17,99.03,96.49,97.18,97.38
NYKAA.NS,262.61,2.13,-0.7,85.13,60.31,96.52,96.52,64.59,65.79,262.5,0.3,0.25,27.49,54.12,74.23,81.45,107.03,104.55
FEDERALBNK.NS,284.4,2.61,-0.1,26.34,55.66,82.56,90.03,114.21,112.48,283.85,-0.68,-1.0,26.25,44.83,85.49,93.06,104.21,103.29
FACT.NS,871.9,20.52,11.19,90.01,62.61,96.53,95.65,3.11,7.69,870.0,1.08,1.79,10.73,45.54,24.58,29.07,96.56,96.27
FINCABLES.NS,913.55,6.94,-1.31,98.84,63.04,97.33,94.48,22.98,29.93,917.0,5.42,6.43,98.05,69.36,73.74,48.15,108.01,106.67
FSL.NS,244.22,-2.16,-5.79,94.72,60.31,81.81,76.12,38.27,52.75,241.99,2.69,4.11,6.48,48.26,4.32,15.07,88.46,91.02
FIVESTAR.NS,459.7,9.5,-3.77,93.05,68.33,96.96,96.96,34.6,45.09,460.05,2.94,3.08,60.55,66.99,94.06,90.82,96.06,94.59
FORCEMOT.NS,22538.0,112.19,-130.27,73.96,54.86,89.9,91.77,44.16,57.51,22522.0,23.92,-22.45,31.5,56.98,88.05,94.78,98.5,96.46
FORTIS.NS,873.9,-2.03,-11.84,79.59,57.69,98.37,98.74,58.31,63.51,874.0,0.31,-0.54,73.33,60.06,98.46,93.15,95.25,94.77
GAIL.NS,158.92,0.47,-2.08,96.56,62.86,99.33,98.73,89.98,88.12,158.92,0.47,0.43,81.98,65.26,94.1,75.21,103.73,101.01
GVT&D.NS,4074.2,111.91,74.38,49.31,61.97,94.67,98.22,71.96,69.93,4070.0,-7.13,-9.56,9.93,42.88,53.49,60.99,109.75,106.17
GMRAIRPORT.NS,96.75,0.59,-0.63,47.79,55.79,90.51,92.77,67.43,92.26,96.75,-0.31,-0.35,35.68,41.8,81.62,83.74,91.74,93.86
GABRIEL.NS,996.95,12.36,-4.62,96.13,65.19,98.01,96.69,28.59,33.86,997.55,7.65,6.61,60.05,67.74,89.27,94.82,104.28,103.68
GALLANTT.NS,927.1,60.28,27.41,99.38,89.15,98.1,94.19,61.85,88.22,889.7,32.99,36.06,19.09,58.76,15.11,19.81,104.35,104.57
GRSE.NS,2607.8,48.43,0.52,93.76,62.3,98.87,98.87,8.09,15.29,2609.0,6.23,4.47,98.47,62.57,100.0,93.53,82.44,85.7
GICRE.NS,400.05,6.57,3.2,77.38,63.41,86.71,88.73,12.44,16.54,400.0,-0.68,0.38,8.43,40.21,4.64,10.89,91.99,94.06
GILLETTE.NS,7840.5,-97.81,-145.81,90.69,51.21,98.84,97.63,55.64,65.51,7858.0,2.97,7.03,70.61,52.31,37.96,32.82,97.6,96.09
GLAND.NS,1735.6,5.69,-4.59,41.95,53.44,82.14,87.73,40.34,43.79,1735.6,-2.18,-2.64,81.69,46.46,54.08,45.17,90.03,91.22
GLAXO.NS,2419.8,-17.72,-34.52,84.03,53.11,98.26,98.84,27.02,34.35,2413.7,2.38,1.0,23.27,52.88,83.76,92.41,103.24,100.5
GLENMARK.NS,2249.5,28.87,19.52,80.78,61.95,97.39,91.74,87.59,91.26,2244.7,2.01,1.99,12.96,50.43,74.39,89.54,102.23,101.68
MEDANTA.NS,1092.25,-2.31,-16.23,92.12,58.44,98.81,98.13,100.62,108.56,1090.5,2.79,2.14,11.83,53.74,63.82,83.05,91.52,91.89
GODIGIT.NS,319.05,-2.96,-2.56,30.68,42.03,24.42,21.58,37.94,47.07,319.05,-0.38,-0.27,23.33,42.49,39.62,33.67,95.41,95.93
GPIL.NS,300.3,9.86,6.92,71.16,67.19,93.75,97.4,31.12,44.71,300.0,-0.49,-0.33,40.28,46.04,71.67,55.47,95.36,95.73
GODFRYPHLP.NS,2124.9,1.15,-26.5,82.53,56.85,91.83,92.4,5.06,11.88,2128.0,6.89,6.72,53.21,58.34,60.34,67.62,90.52,94.08
GODREJCP.NS,1081.15,-10.44,-24.45,63.14,52.99,94.1,93.89,80.64,84.51,1081.15,-0.62,-0.63,35.31,48.28,69.78,70.69,104.34,101.74
GODREJIND.NS,919.2,-3.98,-21.18,94.66,58.61,99.25,98.59,31.46,37.43,919.2,2.0,1.51,58.81,59.77,82.59,87.37,93.19,94.28
GODREJPROP.NS,1747.4,13.78,-16.69,91.34,61.24,98.56,98.25,42.19,44.65,1747.4,3.99,3.45,22.47,56.39,79.45,89.67,114.97,111.89
GRANULES.NS,651.0,16.66,14.27,79.28,63.82,82.81,72.74,65.73,80.84,650.15,1.07,0.37,74.34,59.92,95.12,97.38,93.55,94.73
GRAPHITE.NS,681.95,4.36,-2.93,97.6,61.13,97.72,95.9,12.37,18.73,683.0,4.16,3.57,92.83,65.9,88.35,81.53,98.67,97.45
GRASIM.NS,2717.3,-1.13,-22.38,37.11,52.4,85.37,88.59,78.19,81.36,2717.3,-5.2,-6.55,24.06,43.73,78.64,85.38,110.12,106.6
GRAVITA.NS,1669.0,20.3,-19.35,99.14,67.96,99.73,99.73,39.62,47.86,1672.0,11.54,11.37,87.2,70.57,94.84,82.74,96.11,95.42
GESHIP.NS,1381.4,6.51,17.87,50.36,49.15,28.47,15.18,40.4,50.64,1386.0,-2.31,-2.26,88.6,51.02,77.93,59.47,94.6,95.78
FLUOROCHEM.NS,3376.7,23.65,-6.0,86.16,58.18,99.2,99.03,62.76,62.69,3363.0,-0.26,-1.01,19.16,46.49,72.8,76.41,94.58,94.52
GMDCLTD.NS,746.75,25.19,12.15,99.83,82.47,100.0,99.29,12.45,20.78,746.75,20.6,22.95,99.22,85.08,100.0,94.24,96.85,99.44
GSPL.NS,252.29,-9.66,-12.71,91.49,48.72,95.21,94.91,57.41,59.57,253.8,1.75,0.67,99.98,87.54,100.0,99.27,109.02,104.77
HEG.NS,626.85,15.82,6.41,98.97,68.97,94.94,88.2,13.21,20.95,628.45,7.85,7.56,85.03,72.67,39.37,36.57,84.97,88.81
HBLENGINE.NS,783.25,17.83,0.74,90.29,67.39,99.23,99.74,61.02,73.45,781.05,0.28,0.08,17.4,50.79,89.96,86.72,88.69,87.83
HCLTECH.NS,1450.2,11.01,-2.46,60.35,57.77,76.21,80.7,130.75,138.44,1442.0,0.94,0.64,4.23,44.81,74.55,90.82,108.74,107.68
HDFCAMC.NS,2662.2,21.78,-24.21,78.02,59.95,94.57,93.98,79.6,92.7,2655.6,-4.07,-1.76,35.7,46.91,52.96,47.82,107.98,104.86
HDFCBANK.NS,795.45,-15.35,-24.19,35.57,46.64,88.89,90.71,125.7,122.71,794.0,-2.99,-2.52,3.67,29.52,36.89,52.71,96.18,95.19
HDFCLIFE.NS,631.5,-13.67,-22.39,63.77,51.62,96.81,97.76,82.01,87.86,631.5,-2.04,-1.42,22.55,37.05,42.14,39.43,96.48,95.13
HFCL.NS,91.48,4.43,2.35,99.83,78.12,100.0,100.0,14.87,21.04,91.21,0.78,0.56,41.01,66.3,78.62,90.03,92.39,95.91
HAVELLS.NS,1291.1,-16.41,-28.05,88.88,52.15,97.74,97.0,97.92,95.88,1292.5,2.45,1.58,82.4,59.78,85.73,83.85,101.43,97.97
HEROMOTOCO.NS,5159.5,-52.54,-74.64,21.76,45.57,55.71,72.49,77.38,82.12,5169.0,-25.49,-31.47,83.67,42.09,96.1,89.86,99.03,100.53
HEXT.NS,496.45,-2.01,-13.53,91.38,60.04,95.43,95.43,42.73,74.87,494.5,2.46,3.11,4.44,52.31,25.01,50.94,98.35,97.78
HSCL.NS,488.85,6.27,1.34,85.12,65.04,97.94,97.44,37.08,46.49,488.0,0.56,0.85,42.79,51.53,56.01,58.35,100.79,99.91
HINDALCO.NS,1039.9,22.69,7.62,93.19,70.09,95.93,95.93,136.01,125.6,1039.9,4.16,5.82,73.01,61.52,2.26,0.84,100.51,99.38
HAL.NS,4363.4,57.09,-26.31,98.53,70.42,99.28,99.28,172.26,158.35,4363.4,21.84,24.6,90.73,66.94,85.91,64.06,98.4,99.64
HINDCOPPER.NS,563.75,3.02,-7.64,96.39,60.89,98.78,98.28,28.23,44.03,565.0,2.19,1.99,94.57,68.96,96.21,81.2,87.98,88.04
HINDPETRO.NS,370.25,-8.91,-16.17,80.83,52.51,93.08,91.29,60.82,67.17,370.55,0.89,1.02,62.59,59.34,69.12,65.56,93.1,90.9
HINDUNILVR.NS,2139.1,-23.43,-39.0,42.72,47.77,90.14,92.44,102.46,110.94,2140.0,-3.38,-4.07,67.22,46.62,98.31,89.71,99.76,98.73
HINDZINC.NS,592.5,0.66,-10.2,97.37,61.46,99.14,99.03,51.65,57.42,592.1,1.0,1.83,26.87,50.51,14.51,18.65,102.15,100.0
POWERINDIA.NS,28255.0,1125.62,846.61,59.96,69.87,94.27,96.9,57.81,59.5,28255.0,-25.4,-92.46,99.34,59.54,100.0,100.0,107.07,104.69
HOMEFIRST.NS,1108.0,9.48,-13.98,97.4,63.45,99.82,99.78,36.3,49.76,1108.0,1.73,1.49,72.21,56.57,82.64,76.68,106.65,105.21
HONASA.NS,344.95,14.17,8.66,83.76,73.59,95.03,97.05,28.4,38.55,344.0,0.81,0.1,37.54,58.7,82.8,92.02,101.85,101.67
HONAUT.NS,31840.0,-85.97,-661.83,99.6,67.26,100.0,100.0,82.67,82.59,31855.0,335.74,331.93,86.86,76.76,89.1,88.9,110.78,105.59
HUDCO.NS,193.67,1.91,-1.56,99.6,64.29,100.0,99.9,18.06,22.66,193.4,0.49,0.54,43.51,56.64,71.66,56.91,96.28,95.03
HYUNDAI.NS,1852.5,-75.78,-91.43,87.46,47.02,92.35,90.65,91.89,95.29,1851.1,18.31,14.69,25.45,71.61,73.41,86.11,100.67,99.56
ICICIBANK.NS,1345.5,3.09,-14.81,71.46,59.54,98.02,96.89,138.27,133.32,1345.5,-1.31,-0.83,49.65,46.54,57.99,59.14,100.78,99.75
ICICIGI.NS,1886.7,-8.15,-28.48,98.54,64.0,99.05,99.05,65.31,71.53,1883.0,7.34,10.32,17.8,54.31,9.72,10.42,100.21,98.14
ICICIPRULI.NS,557.95,-15.3,-22.67,71.93,48.32,98.27,99.26,79.05,85.08,555.8,-0.84,-0.32,3.84,34.87,25.46,35.57,100.28,99.56
IDBI.NS,74.34,-5.51,-7.49,76.98,41.88,99.58,98.85,14.67,22.6,74.37,0.02,-0.04,36.78,53.92,82.56,87.0,96.27,95.91
IDFCFIRSTB.NS,67.82,-1.09,-2.39,85.38,54.81,95.53,94.89,109.65,116.62,67.82,0.19,0.18,27.84,57.03,63.65,79.87,95.53,93.93
IFCI.NS,60.73,0.59,-0.45,95.86,63.98,97.69,97.69,9.42,16.39,60.93,0.56,0.3,86.0,77.22,91.93,93.48,97.79,97.24
IIFL.NS,466.05,-9.54,-14.35,69.94,50.54,92.7,90.56,37.45,37.76,467.0,0.08,0.29,61.03,51.56,69.27,71.3,83.6,88.0
IRB.NS,22.1,0.24,0.13,88.21,60.25,66.26,60.78,57.9,58.82,22.13,0.05,0.07,10.21,53.27,32.66,49.96,107.05,106.79
IRCON.NS,142.37,0.13,-2.91,92.24,60.02,98.2,97.82,10.37,18.48,142.41,0.38,0.39,62.93,57.87,86.82,72.36,88.94,90.74
ITCHOTELS.NS,161.92,-2.04,-4.93,89.27,55.92,98.86,98.92,74.65,90.64,161.94,0.04,0.12,53.69,50.74,60.35,48.88,103.47,98.81
ITC.NS,303.4,-2.33,-4.18,71.02,50.8,86.2,88.02,89.43,97.2,303.85,0.28,0.3,74.27,57.06,49.57,42.73,103.5,102.28
ITI.NS,291.04,5.4,0.51,63.22,59.95,85.4,87.84,4.02,9.08,292.1,-0.11,-0.28,93.19,58.95,98.12,78.18,85.65,87.46
INDGN.NS,489.15,7.19,1.87,45.14,57.6,90.53,94.4,86.7,84.03,489.15,-1.4,-1.23,80.59,44.78,64.33,47.07,105.86,106.83
INDIACEM.NS,411.6,0.17,-7.72,94.89,65.55,95.83,95.83,32.08,44.15,418.0,4.71,4.08,99.99,87.25,100.0,95.26,102.48,100.6
INDIAMART.NS,2155.7,0.59,-18.49,99.24,60.01,100.0,99.97,52.13,57.98,2145.0,6.03,7.24,12.29,50.15,50.04,51.46,107.42,104.85
INDIANB.NS,940.05,12.64,4.5,23.06,54.59,83.83,91.02,51.06,59.07,939.5,-1.54,-2.82,14.96,46.63,86.03,92.55,89.57,91.93
IEX.NS,134.41,2.43,0.8,94.29,65.3,97.61,97.61,60.62,63.23,134.72,0.3,0.16,99.28,70.5,100.0,80.25,106.71,103.9
INDHOTEL.NS,652.75,0.12,-8.58,87.51,58.12,97.37,96.42,153.56,152.04,654.1,1.39,1.0,94.05,66.07,98.07,91.85,91.26,92.34
IOC.NS,144.19,-4.48,-6.23,60.9,46.07,93.69,93.87,110.87,130.75,144.3,-0.1,-0.06,53.67,45.79,81.39,62.93,98.84,97.47
IOB.NS,34.93,0.18,-0.2,65.14,57.27,95.82,95.95,13.39,18.43,35.0,-0.02,-0.02,60.24,47.54,41.03,40.29,99.88,98.87
IRCTC.NS,553.8,-5.19,-12.97,87.62,55.71,97.38,96.36,80.78,81.42,554.7,0.29,0.14,83.0,59.03,92.97,78.66,99.33,99.33
IRFC.NS,103.24,-0.26,-1.99,90.08,59.06,97.25,96.97,35.28,39.77,103.6,0.26,0.28,87.07,62.11,83.21,58.4,91.54,92.94
IREDA.NS,129.43,1.64,-0.32,97.98,65.21,99.14,99.14,37.72,46.67,129.43,0.56,0.58,41.47,61.4,80.97,70.29,95.3,96.99
IGL.NS,166.05,0.21,-2.43,99.35,62.57,100.0,100.0,40.22,49.62,166.37,0.15,0.04,68.92,59.95,76.6,86.92,98.76,98.04
INDUSTOWER.NS,413.15,-4.27,-4.25,4.24,39.02,41.45,67.9,59.34,64.76,413.0,-2.25,-2.41,7.56,29.31,44.12,59.46,92.03,96.08
INDUSINDBK.NS,847.9,-11.27,-21.15,83.31,53.05,95.58,92.93,71.06,77.84,847.9,2.31,2.76,13.27,52.97,35.04,63.74,93.54,94.42
NAUKRI.NS,1047.7,-5.35,-16.83,91.96,57.89,82.55,68.17,66.67,74.44,1047.7,4.66,3.95,99.06,71.83,100.0,97.29,104.85,102.74
INFY.NS,1319.2,-6.18,-15.37,74.89,52.02,55.71,56.51,93.43,109.46,1319.2,1.64,1.69,96.38,60.52,94.46,70.36,96.21,98.31
INOXWIND.NS,95.4,0.35,-2.12,98.57,63.88,100.0,99.26,26.86,40.42,95.66,0.48,0.5,81.48,64.85,76.75,57.17,96.72,97.96
INTELLECT.NS,698.95,-4.22,-13.85,79.31,55.3,89.22,86.39,17.24,24.97,698.0,2.43,3.49,9.63,54.12,54.86,56.48,101.22,99.11
INDIGO.NS,4608.7,17.52,-52.02,64.38,55.8,88.74,87.0,135.81,131.88,4608.7,-5.24,0.04,14.12,40.29,9.3,14.33,99.77,98.34
IGIL.NS,368.95,6.4,2.4,97.27,69.41,94.98,92.8,55.09,71.54,367.2,3.99,4.04,23.27,63.21,71.01,72.36,83.82,85.3
IKS.NS,1522.4,22.33,-6.0,73.86,62.87,88.95,92.72,43.8,60.14,1520.0,0.26,-0.03,21.54,49.25,68.0,80.33,99.82,99.73
IPCALAB.NS,1461.4,-15.91,-7.48,49.2,42.43,16.93,13.19,34.99,45.25,1468.0,-0.18,-0.37,76.67,54.96,53.67,62.76,84.1,87.08
JBCHEPHARM.NS,1975.0,-17.09,-7.93,26.47,42.99,37.8,35.83,56.11,63.4,1975.0,-2.05,-3.94,95.98,49.19,100.0,100.0,98.96,98.46
JKCEMENT.NS,5507.0,40.58,-14.78,57.51,55.06,66.17,78.14,59.14,66.31,5505.0,10.18,3.99,23.15,58.09,90.9,95.69,98.86,97.45
JBMA.NS,624.1,19.24,10.04,66.45,63.36,97.97,99.32,8.51,20.12,626.0,-0.69,-1.01,99.3,54.84,96.43,78.32,75.48,78.54
JKTYRE.NS,419.95,-11.81,-18.96,37.13,46.82,82.87,88.33,37.54,45.22,419.8,-1.4,-1.59,34.42,38.83,80.69,61.15,91.56,92.17
JMFINANCIL.NS,134.67,1.91,-0.14,70.95,59.74,96.13,96.8,22.69,29.77,134.1,-0.06,-0.16,14.6,47.34,80.3,92.09,100.07,99.65
JSWENERGY.NS,535.95,7.02,2.88,95.79,64.96,99.38,81.68,44.97,46.48,535.95,1.85,0.57,90.65,69.48,98.02,95.54,104.66,101.77
JSWINFRA.NS,272.59,2.29,-1.03,87.11,60.39,95.34,95.34,51.09,66.79,273.8,0.75,0.51,99.91,70.31,100.0,100.0,99.27,98.67
JSWSTEEL.NS,1214.9,4.49,-6.67,61.91,56.55,94.56,95.7,75.32,74.55,1214.9,-1.68,-0.96,33.75,42.68,26.74,27.58,106.88,104.6
JPPOWER.NS,19.61,0.92,0.45,99.65,75.27,99.67,95.27,9.2,17.75,19.57,0.23,0.26,29.87,58.81,32.74,37.61,80.2,84.92
J&KBANK.NS,132.37,3.26,2.01,98.38,66.0,99.96,96.64,41.24,46.08,132.39,1.12,0.86,98.65,76.29,100.0,98.0,92.69,95.33
JINDALSAW.NS,221.42,7.59,4.63,99.28,69.64,100.0,100.0,57.59,64.53,221.75,1.07,0.83,98.75,70.43,100.0,93.35,93.28,94.13
JSL.NS,789.45,7.34,-2.68,83.59,61.32,91.25,91.84,140.82,155.14,788.85,2.37,2.22,39.78,58.01,81.63,78.05,99.34,98.65
JINDALSTEL.NS,1228.3,13.58,3.42,92.26,59.71,99.74,98.19,74.83,74.73,1228.3,0.7,1.04,15.26,48.75,72.44,70.8,105.56,102.46
JIOFIN.NS,241.27,-1.7,-3.62,51.23,50.35,77.8,78.44,57.26,61.8,241.57,-0.23,-0.49,83.09,55.97,97.99,97.96,103.63,102.15
JUBLFOOD.NS,459.65,-11.68,-15.52,84.25,49.9,96.27,92.35,44.68,49.3,459.2,1.5,1.46,46.07,60.22,71.58,71.8,98.01,96.66
JUBLINGREA.NS,667.8,17.48,5.54,88.68,67.48,96.36,96.39,29.29,35.15,667.8,0.46,0.42,33.81,52.55,84.42,82.41,105.53,101.12
JUBLPHARMA.NS,906.85,7.49,-2.91,99.64,62.11,100.0,100.0,51.43,61.82,906.85,2.09,0.96,23.88,54.35,70.16,84.81,90.69,92.66
JWL.NS,281.16,-1.17,-4.56,87.99,56.93,89.77,85.8,36.14,56.5,281.29,1.77,1.98,46.18,61.49,34.62,32.3,91.99,95.78
JYOTICNC.NS,702.9,-15.48,-12.19,18.99,39.16,9.37,40.24,49.53,61.52,703.0,0.18,-0.71,96.33,59.75,99.51,99.6,100.19,99.83
KPRMILL.NS,893.85,4.42,-4.79,59.42,58.35,91.68,95.9,18.48,29.71,892.95,-0.61,-0.5,23.18,45.81,73.68,75.84,101.03,99.66
KEI.NS,4647.4,21.84,-43.43,95.62,60.49,97.17,93.72,91.12,92.97,4658.0,8.34,8.44,83.03,58.95,82.42,68.12,101.66,101.25
KPITTECH.NS,746.25,-10.74,-27.11,93.25,56.21,96.05,94.45,53.65,66.02,747.6,3.95,3.25,68.51,65.55,70.26,80.79,101.93,103.09
KAJARIACER.NS,1170.2,52.56,28.95,99.72,74.65,100.0,100.0,53.97,63.1,1172.0,2.65,2.78,90.49,65.34,90.16,81.76,101.09,98.03
KPIL.NS,1203.9,18.89,2.74,70.87,62.02,95.01,96.5,51.71,54.07,1203.9,-0.22,-1.01,32.04,51.24,86.71,85.71,100.53,99.23
KALYANKJIL.NS,440.3,12.6,6.2,33.15,62.39,87.21,92.09,21.52,30.34,439.95,-0.23,-0.34,13.59,44.67,43.25,51.95,101.28,100.68
KARURVYSYA.NS,280.85,-4.95,-6.24,66.37,47.41,77.83,79.61,51.38,57.67,280.4,0.04,-0.09,11.24,46.66,69.7,84.21,100.48,96.93
KAYNES.NS,4202.2,77.4,12.52,96.95,65.81,97.1,94.69,76.24,87.85,4202.2,33.83,30.74,47.9,68.16,88.26,80.87,97.56,97.33
KEC.NS,569.45,-1.09,-7.79,68.58,53.78,83.02,86.74,18.34,24.84,569.45,0.4,0.62,4.93,47.33,12.96,30.15,88.33,90.77
KFINTECH.NS,955.9,-6.09,-13.58,90.08,55.88,91.53,84.77,23.17,31.35,955.9,4.45,4.84,46.25,62.9,71.91,64.5,110.19,105.26
KIRLOSENG.NS,1617.0,44.44,23.1,99.05,71.35,100.0,99.5,46.81,65.65,1617.0,11.45,13.97,27.06,51.68,8.17,38.5,99.41,97.58
KOTAKBANK.NS,379.15,-4.75,-8.6,58.22,50.74,90.88,88.2,119.04,123.12,378.8,-0.36,-0.04,1.94,37.17,15.52,29.02,98.97,97.63
KIMS.NS,665.15,-2.01,-6.2,73.53,53.38,94.33,93.66,70.28,80.24,665.15,-0.43,0.13,7.0,39.31,2.81,2.95,101.99,99.39
LTF.NS,280.41,0.83,-3.63,72.14,57.15,95.85,95.32,58.36,67.48,280.41,-0.31,-0.38,41.83,48.7,77.57,76.71,95.85,96.03
LTTS.NS,3448.2,5.85,-29.15,73.46,55.3,87.86,87.72,56.12,72.29,3450.0,-0.99,-1.09,82.82,50.82,100.0,88.89,93.05,96.01
LICHSGFIN.NS,534.85,5.69,1.69,78.11,59.16,90.31,91.42,113.88,98.48,536.0,1.18,1.09,79.42,63.57,78.32,68.54,106.96,104.62
LTFOODS.NS,419.15,5.57,1.05,90.04,60.89,96.52,95.61,49.73,66.05,419.15,1.48,1.1,43.69,63.33,81.81,84.83,91.72,92.21
LT.NS,4119.8,49.79,-24.3,93.56,62.97,96.85,93.22,187.58,162.83,4119.8,5.7,7.29,59.69,56.02,72.81,60.96,100.27,99.14
LATENTVIEW.NS,308.65,-6.04,-13.27,84.98,53.1,90.83,87.08,11.48,22.79,308.9,0.88,1.24,61.29,54.52,34.09,25.8,89.7,95.43
LAURUSLABS.NS,1128.35,25.61,13.75,91.44,66.84,96.01,96.01,92.68,99.55,1127.0,2.97,3.4,14.49,53.61,30.17,52.32,108.51,105.32
LEMONTREE.NS,114.18,-0.04,-1.62,66.17,55.01,94.73,94.94,57.67,69.33,114.1,0.04,0.09,9.83,45.55,42.52,56.86,96.66,97.21
LICI.NS,841.65,1.22,-11.73,97.29,62.02,99.83,99.91,57.79,63.51,841.65,0.86,1.24,27.21,52.69,78.91,79.62,98.55,97.18
LINDEINDIA.NS,7221.5,120.08,129.91,37.15,55.3,55.24,52.55,38.44,49.22,7230.0,-14.75,-16.12,83.4,46.01,78.9,64.31,88.1,90.41
LLOYDSME.NS,1556.7,84.77,64.29,98.46,75.67,99.14,99.14,39.8,46.69,1556.7,7.89,5.68,98.77,77.0,100.0,75.1,87.75,89.87
LODHA.NS,873.5,-20.64,-46.73,96.4,59.16,99.03,99.03,53.87,64.22,873.5,4.68,4.13,35.18,65.26,86.37,95.46,91.67,88.89
LUPIN.NS,2327.0,11.49,11.4,50.48,55.08,68.51,68.05,78.26,79.8,2325.0,-0.5,-3.86,59.11,58.67,97.56,99.14,98.85,99.22
MMTC.NS,61.91,0.3,-0.53,97.07,60.04,98.53,95.72,3.23,8.36,62.15,0.27,0.24,89.15,66.15,94.5,81.64,91.56,91.53
MRF.NS,138740.0,-304.46,-1909.5,84.09,58.39,94.19,94.19,84.34,92.19,138730.0,165.24,284.31,26.35,51.41,24.69,26.55,101.7,99.48
MGL.NS,1091.7,2.98,-17.99,95.25,63.57,98.98,99.02,60.23,65.73,1097.8,3.9,2.72,99.76,76.16,99.26,97.92,95.25,95.63
M&MFIN.NS,297.3,-13.34,-16.21,41.34,41.7,92.13,94.48,71.1,89.88,297.3,-0.57,-0.96,82.85,52.51,98.98,93.54,99.02,98.03
M&M.NS,3222.3,-13.48,-52.89,43.51,52.51,90.99,92.96,148.65,135.9,3222.3,-7.79,-9.38,43.73,43.93,80.6,88.12,108.13,105.36
MANAPPURAM.NS,268.15,-1.97,-4.7,58.22,51.59,93.64,90.65,50.69,60.89,268.15,-0.44,-0.22,15.2,40.9,36.71,34.89,90.5,91.24
MRPL.NS,174.93,-2.95,-1.75,52.54,44.59,31.11,15.95,7.78,17.81,175.3,-0.15,0.14,16.24,38.84,4.5,3.72,85.94,86.74
MANKIND.NS,2104.4,-6.12,-20.07,59.35,54.28,94.53,97.92,69.32,77.28,2105.0,-1.28,-1.64,53.09,49.04,90.46,87.93,105.44,103.12
MARICO.NS,744.4,-3.06,-4.12,19.3,45.6,66.64,79.08,65.21,73.74,744.0,-2.23,-2.71,32.85,40.99,92.92,86.36,101.87,100.66
MARUTI.NS,13335.0,-147.35,-312.02,55.13,50.25,72.97,80.58,120.3,110.18,13336.0,5.46,5.94,68.3,52.72,49.18,47.66,102.91,100.75
MFSL.NS,1695.2,-11.01,-35.51,84.72,58.6,98.18,98.58,67.78,67.32,1695.2,-1.15,-0.52,42.63,47.09,51.2,39.19,98.33,96.66
MAXHEALTH.NS,990.65,-13.95,-20.38,96.33,53.18,91.07,85.21,105.29,111.88,990.0,-0.5,0.53,46.79,48.13,40.38,32.25,99.52,97.41
MAZDOCK.NS,2564.6,44.22,9.05,99.44,62.94,100.0,100.0,13.12,19.76,2564.6,5.79,4.66,66.28,59.25,77.67,79.46,79.93,82.44
MINDACORP.NS,505.65,-5.39,-7.36,24.31,45.53,45.8,55.44,21.28,30.97,505.6,-2.76,-2.63,81.09,35.09,42.87,34.96,96.99,95.81
MSUMI.NS,39.45,-0.5,-0.92,79.11,52.08,94.03,94.2,45.86,59.36,39.5,0.08,0.07,94.84,66.81,75.66,58.32,99.6,97.51
MOTILALOFS.NS,782.8,15.4,-0.14,60.91,61.15,93.1,94.6,19.52,29.96,782.8,-0.72,-0.84,33.54,48.64,83.96,89.96,91.32,94.03
MPHASIS.NS,2441.8,29.89,-12.91,89.32,64.55,92.49,89.26,79.37,83.89,2443.0,8.28,8.75,74.88,63.37,87.31,80.87,103.83,102.77
MCX.NS,2862.2,85.0,44.9,99.69,70.47,100.0,100.0,113.91,111.75,2862.0,2.29,2.49,51.93,53.42,74.13,86.09,114.08,108.49
MUTHOOTFIN.NS,3578.0,38.13,-12.91,60.42,58.42,97.46,97.94,117.19,112.66,3578.0,-9.2,-5.76,22.13,40.27,35.25,32.73,96.01,93.99
NATCOPHARM.NS,1086.8,41.37,35.33,41.34,63.75,59.24,69.23,34.75,43.48,1084.1,0.9,0.37,15.53,50.45,74.31,86.62,104.54,105.05
NBCC.NS,93.05,0.19,-1.41,94.76,60.11,98.54,97.77,13.65,19.38,93.25,0.39,0.33,82.77,66.45,91.92,77.43,90.97,90.3
NCC.NS,160.36,2.34,-0.22,95.88,65.84,98.14,98.14,47.38,48.73,161.0,1.01,0.72,98.62,79.52,98.16,76.73,104.29,101.86
NHPC.NS,81.38,0.98,0.41,99.45,68.85,100.0,95.58,87.63,84.44,81.74,0.24,0.21,99.07,71.2,100.0,76.58,107.49,104.62
NLCINDIA.NS,297.75,5.76,4.12,98.41,69.34,68.79,49.37,18.05,26.35,300.15,2.57,3.79,93.02,60.42,28.15,19.22,93.09,94.05
NMDC.NS,87.16,1.86,0.85,98.94,68.33,99.95,99.98,102.28,114.78,87.34,0.0,-0.09,80.48,56.68,96.72,94.1,104.4,102.12
NSLNISP.NS,41.98,0.91,0.08,82.85,65.19,93.92,95.58,42.44,51.69,41.98,0.1,0.07,64.11,59.63,91.94,95.44,99.03,98.96
NTPCGREEN.NS,108.79,3.15,2.12,98.17,71.59,93.11,69.64,70.16,75.77,108.45,0.23,0.29,17.07,52.57,78.43,80.69,101.71,100.19
NTPC.NS,390.8,3.5,1.64,74.71,62.29,97.54,98.8,112.04,112.9,392.0,-0.43,-0.46,86.96,55.23,92.35,65.57,105.31,102.22
NH.NS,1781.7,7.45,-13.25,59.29,58.9,96.46,98.82,61.78,71.1,1782.8,-2.35,-2.86,41.41,46.16,78.37,78.02,98.75,98.26
NATIONALUM.NS,432.7,14.12,10.47,97.37,67.55,99.99,98.74,84.24,82.12,433.85,1.22,1.66,67.16,57.24,26.18,26.06,94.46,96.04
NAVA.NS,626.5,13.64,5.69,99.66,66.52,100.0,100.0,64.35,70.2,623.35,0.68,0.19,41.18,55.26,86.19,81.21,93.04,95.13
NAVINFLUOR.NS,6256.0,-18.73,-48.97,87.53,53.58,98.7,98.03,53.22,66.52,6256.0,0.55,-5.72,34.96,53.42,96.43,94.05,94.1,93.59
NESTLEIND.NS,1257.4,0.01,-10.13,76.53,57.77,92.73,92.73,97.22,105.38,1258.0,1.75,1.5,82.5,59.87,82.25,78.04,98.37,99.35
NETWEB.NS,3708.4,51.86,0.31,96.75,68.85,94.64,94.64,11.74,20.32,3719.5,25.82,33.11,70.33,59.27,35.15,30.74,86.62,90.68
NEULANDLAB.NS,15000.0,548.49,227.83,76.3,69.19,88.04,91.32,35.29,49.08,15040.0,30.82,33.58,94.8,61.94,88.56,56.08,97.0,98.0
NEWGEN.NS,478.25,-8.41,-17.8,90.51,54.51,92.14,87.31,11.62,25.78,477.0,1.47,1.72,14.19,55.05,72.16,84.57,88.52,91.79
NAM-INDIA.NS,964.85,16.57,1.07,79.56,60.73,86.22,88.12,39.79,50.8,968.4,1.5,2.0,90.91,56.71,44.73,26.63,104.07,98.91
NIVABUPA.NS,78.5,0.71,-0.16,99.82,71.22,100.0,100.0,42.78,54.5,78.5,0.38,0.47,41.98,60.29,24.7,26.52,94.86,95.84
NUVAMA.NS,1366.4,24.58,-1.98,95.26,68.7,98.11,98.11,124.97,118.12,1366.4,4.69,5.05,57.77,61.69,70.7,74.18,101.86,98.76
NUVOCO.NS,310.3,-1.11,-4.66,74.84,54.07,87.11,90.52,38.77,49.4,310.2,1.19,1.36,25.2,56.43,48.84,56.88,95.04,95.67
OBEROIRLTY.NS,1710.4,53.06,25.22,99.76,72.37,100.0,100.0,130.08,111.45,1710.4,1.35,1.04,39.74,52.95,80.7,67.7,103.61,100.64
ONGC.NS,282.75,4.92,4.74,9.92,55.66,56.33,66.61,79.15,82.94,282.85,-0.91,-1.01,56.21,36.68,88.67,83.77,105.62,105.99
OIL.NS,462.4,-1.14,0.28,22.21,45.56,39.05,50.64,47.51,52.27,462.1,-0.48,-0.52,21.93,44.02,43.99,50.25,96.85,99.47
OLAELEC.NS,38.68,3.23,1.56,65.74,72.33,79.84,86.42,17.72,39.79,38.7,-0.07,-0.1,36.71,46.96,54.58,69.39,93.29,98.3
OLECTRA.NS,1213.85,53.74,30.1,66.44,66.73,97.16,98.87,13.61,23.61,1219.0,-2.46,-2.99,97.61,54.03,94.16,73.74,71.87,77.19
PAYTM.NS,1148.85,11.7,-7.43,85.61,60.14,96.09,94.97,40.04,38.35,1147.65,1.82,0.31,48.68,59.74,94.76,94.81,100.62,98.83
ONESOURCE.NS,1506.3,22.97,12.02,49.69,57.86,92.36,86.0,75.97,81.13,1506.3,0.27,-3.24,35.75,54.22,92.08,92.45,71.87,78.32
OFSS.NS,7776.0,177.73,70.52,94.99,70.77,94.49,94.49,59.18,71.62,7776.0,51.43,55.86,55.14,70.92,66.03,49.93,99.58,97.49
POLICYBZR.NS,1550.5,0.42,-9.73,85.55,58.9,67.39,68.86,64.98,66.57,1550.5,14.48,10.96,86.57,75.14,96.65,97.42,97.97,97.12
PCBL.NS,284.12,0.57,-4.02,90.38,58.2,96.87,96.87,33.21,50.08,284.12,1.02,0.82,68.87,63.15,95.26,86.26,82.24,86.85
PGEL.NS,557.65,-11.31,-22.26,98.98,59.46,100.0,99.55,75.02,76.67,558.75,5.72,5.87,88.53,69.05,44.77,39.01,89.12,89.3
PIIND.NS,3112.2,-3.49,-41.93,92.95,61.49,95.76,95.76,98.05,98.69,3118.0,21.18,21.07,67.78,66.43,49.12,57.13,101.07,99.94
PNBHOUSING.NS,893.8,16.32,4.08,88.33,63.84,87.97,86.46,27.19,31.09,894.5,4.27,5.65,43.93,58.86,16.35,14.21,101.6,98.56
PTCIL.NS,15975.0,-520.94,-568.76,80.59,46.4,82.69,70.41,42.23,46.98,15975.0,94.55,111.15,40.17,58.88,20.42,42.59,103.31,99.9
PVRINOX.NS,950.85,-16.28,-18.19,75.3,45.39,83.38,74.45,41.93,47.9,950.85,0.82,0.48,55.77,57.84,92.44,88.32,108.08,103.51
PAGEIND.NS,36980.0,1150.54,679.96,94.38,73.91,97.33,97.33,96.45,96.38,36980.0,88.32,56.45,97.1,69.69,100.0,98.23,110.02,106.95
PARADEEP.NS,121.78,1.32,-0.2,58.5,57.46,95.04,94.3,12.32,21.79,121.95,0.06,-0.05,97.32,58.85,100.0,95.06,98.17,100.33
PATANJALI.NS,464.95,-9.73,-10.65,59.33,41.55,79.1,77.36,63.85,68.49,464.95,0.27,0.12,65.2,57.05,95.21,92.61,97.73,98.81
PERSISTENT.NS,5500.5,121.77,46.4,80.66,66.3,89.13,89.74,105.21,104.61,5500.5,2.22,2.01,37.07,50.44,53.1,61.76,101.48,102.32
PETRONET.NS,271.49,-4.17,-7.17,72.15,50.72,93.93,93.55,58.02,63.6,271.0,0.07,0.11,24.69,49.86,66.43,64.03,97.59,95.08
PFIZER.NS,4859.2,10.2,-8.08,45.24,52.63,88.67,86.43,70.75,77.62,4859.2,-14.12,-13.6,55.34,40.94,88.94,67.85,101.94,101.6
PHOENIXLTD.NS,1782.3,34.1,0.64,88.35,66.61,98.25,98.1,73.69,75.51,1782.3,2.68,1.49,19.38,53.93,89.99,95.74,96.69,95.08
PIDILITIND.NS,1331.0,-20.83,-28.0,43.26,45.98,72.37,80.3,91.13,96.17,1332.0,0.7,-0.34,98.43,58.59,100.0,100.0,95.74,96.0
PPLPHARMA.NS,147.5,-1.14,-2.79,60.11,52.53,97.44,98.57,14.93,22.63,147.7,-0.12,-0.34,69.85,55.14,88.06,93.14,107.8,105.29
POLYMED.NS,1496.9,38.92,11.54,94.12,65.31,98.52,98.44,63.99,85.48,1490.0,7.9,5.48,14.04,58.98,71.11,80.51,96.82,96.49
POLYCAB.NS,7903.5,35.07,-75.31,85.38,60.39,94.01,94.01,119.26,114.45,7926.0,24.43,16.11,91.97,69.54,96.98,90.11,98.17,96.92
POONAWALLA.NS,407.15,-4.82,-9.07,39.92,49.33,91.81,86.78,25.07,33.13,405.2,-0.52,-1.25,24.91,49.44,85.8,94.16,89.4,91.93
PFC.NS,458.9,10.71,5.35,98.37,70.03,98.86,98.41,135.97,129.91,460.0,2.28,2.89,94.31,61.98,44.22,31.62,95.33,95.04
POWERGRID.NS,312.25,3.18,1.81,89.16,66.77,92.14,89.18,93.25,90.21,312.25,0.31,0.54,91.52,55.73,47.86,35.59,107.8,105.97
PREMIERENE.NS,1003.1,52.45,46.24,97.14,77.96,89.23,77.4,60.2,64.84,1005.0,0.59,1.32,56.07,49.77,10.17,19.56,99.73,97.55
PRESTIGE.NS,1337.9,-7.56,-33.5,71.85,56.41,96.44,96.87,94.87,91.59,1337.9,2.77,1.12,30.08,58.42,85.99,92.05,84.78,86.66
PNB.NS,113.56,-1.62,-3.01,84.33,52.51,97.52,96.35,130.66,123.8,113.6,0.08,0.1,32.24,52.55,73.38,65.01,92.58,93.04
RRKABEL.NS,1455.0,-5.81,-18.83,90.94,58.64,89.4,88.25,45.57,52.2,1463.0,15.27,8.52,99.19,82.24,100.0,100.0,95.75,95.68
RBLBANK.NS,315.9,3.58,1.45,33.1,54.14,76.12,81.84,46.89,58.94,315.65,-0.62,-0.6,11.82,39.45,67.2,78.27,105.22,103.6
RECLTD.NS,364.2,3.94,-0.93,95.57,64.25,97.43,97.43,229.93,202.37,364.0,1.68,2.41,16.15,54.3,3.81,4.61,100.21,99.18
RHIM.NS,400.65,-2.27,-9.64,94.67,57.81,99.43,98.38,27.68,36.53,400.0,1.39,1.26,29.34,53.73,24.93,49.32,96.26,98.39
RITES.NS,216.16,1.42,-2.54,94.09,63.52,97.74,97.74,14.64,19.29,216.5,0.72,0.74,96.33,65.7,90.08,64.96,92.67,94.84
RADICO.NS,3036.4,37.25,-2.03,98.01,66.0,100.0,97.88,48.22,52.9,3054.0,28.94,26.84,99.62,82.49,100.0,95.48,98.66,96.84
RVNL.NS,293.89,-1.93,-6.99,94.04,59.64,97.11,96.52,14.76,20.96,294.6,1.63,1.84,95.74,63.49,85.28,57.32,93.57,95.04
RAILTEL.NS,337.87,4.49,-5.32,97.32,69.62,98.09,97.58,12.22,18.87,335.0,1.48,2.64,7.64,45.12,12.69,25.72,84.44,91.16
RAINBOW.NS,1256.9,23.74,10.95,37.13,61.41,84.74,88.06,48.2,51.85,1251.0,-1.67,-3.63,16.23,46.04,90.79,94.18,92.34,94.89
RKFORGE.NS,534.25,-0.42,-5.73,45.52,53.07,89.07,92.67,50.76,68.35,534.25,-0.6,-1.47,79.22,55.56,97.05,98.11,93.99,94.68
REDINGTON.NS,227.78,-5.28,-9.03,91.05,52.67,96.52,96.51,22.21,39.27,228.48,0.77,0.55,94.74,65.59,100.0,86.16,82.41,88.18
RELIANCE.NS,1343.3,-19.5,-19.26,62.29,45.54,57.45,53.95,137.54,119.33,1345.8,1.6,0.4,99.94,70.21,100.0,100.0,104.42,101.97
RPOWER.NS,28.89,0.78,-0.15,96.69,70.01,99.72,99.56,8.89,18.17,28.89,0.09,0.11,12.2,52.69,46.51,66.21,96.42,94.75
SBFC.NS,97.94,0.56,-1.25,99.17,67.69,100.0,99.52,34.77,43.39,97.75,0.24,0.49,7.44,48.5,1.05,0.7,98.21,96.44
SBICARD.NS,685.6,-14.53,-21.4,84.45,49.17,97.38,97.06,53.28,67.47,685.6,-0.2,0.09,21.11,45.39,46.01,51.39,101.87,98.03
SBILIFE.NS,1974.7,-4.67,-26.11,93.54,59.52,98.23,97.99,101.61,100.34,1974.7,1.78,2.23,42.07,53.78,80.28,68.72,99.33,97.48
SJVN.NS,76.33,0.74,-0.42,99.78,65.06,100.0,100.0,16.91,25.28,76.9,0.34,0.22,99.94,76.45,100.0,99.27,104.32,101.77
SRF.NS,2504.0,-38.61,-53.68,79.64,49.49,90.67,81.53,60.98,65.47,2504.0,3.17,2.58,43.26,56.85,91.03,86.86,95.37,94.74
SAGILITY.NS,43.16,0.29,-0.23,86.2,56.42,94.49,91.73,33.96,56.67,43.14,0.03,0.02,57.42,57.45,91.98,72.44,91.83,91.94
SAILIFE.NS,972.35,2.5,4.69,19.25,49.03,57.32,67.5,48.33,59.99,973.0,-1.83,-3.68,66.48,51.76,86.07,88.87,95.79,96.66
SAMMAANCAP.NS,154.96,2.86,1.49,47.63,59.66,91.06,94.77,31.48,41.39,155.11,-0.29,-0.28,37.52,43.55,67.58,60.65,89.35,91.28
MOTHERSON.NS,122.82,0.33,-1.68,66.98,57.68,93.31,93.45,94.69,100.74,122.75,-0.01,0.1,1.63,40.35,0.0,2.78,97.14,96.72
SAPPHIRE.NS,172.53,-3.9,-7.66,48.56,50.99,96.49,96.78,32.89,45.11,172.68,-0.17,-0.62,92.28,56.94,100.0,97.84,95.93,94.79
SARDAEN.NS,597.1,15.18,7.05,99.87,71.37,100.0,100.0,36.62,46.52,597.0,2.67,2.68,24.52,65.19,71.7,81.05,103.08,101.04
SAREGAMA.NS,343.1,-1.06,-3.06,95.47,56.23,94.91,81.85,16.57,27.39,343.1,0.6,0.23,59.1,60.26,96.56,98.85,89.5,90.06
SCHAEFFLER.NS,3966.1,-24.81,-31.62,86.05,51.81,78.08,62.51,56.92,65.59,3960.2,-0.22,-0.38,24.57,49.81,69.49,66.14,103.33,100.24
SCHNEIDER.NS,998.25,37.49,28.98,49.22,65.81,86.17,92.14,35.01,43.24,999.0,-1.81,-4.02,78.44,54.91,89.19,89.19,84.38,89.8
SCI.NS,288.93,4.77,-0.5,99.94,73.25,100.0,100.0,9.35,16.19,293.15,7.61,6.69,99.1,79.38,53.76,40.1,98.61,98.31
SHREECEM.NS,25110.0,-66.8,-354.72,93.3,57.45,99.28,97.65,114.29,105.07,25110.0,52.6,52.99,33.15,58.85,79.16,77.1,102.63,101.83
SHRIRAMFIN.NS,1022.75,2.51,-11.96,69.51,55.51,92.27,92.42,86.75,90.5,1022.0,-0.7,-0.51,31.8,46.96,69.14,58.48,92.48,93.02
SHYAMMETL.NS,863.55,9.97,0.13,88.38,64.24,94.14,92.02,69.81,72.52,863.55,-0.17,0.67,67.48,47.94,16.69,10.17,94.91,96.53
SIEMENS.NS,3563.8,71.37,11.85,85.63,67.8,95.08,95.52,98.28,99.62,3569.9,8.99,10.83,68.28,57.92,70.1,67.25,99.31,99.33
SIGNATURE.NS,806.95,-17.9,-30.54,58.48,48.32,83.34,86.94,119.8,127.24,806.95,0.87,0.39,55.33,56.21,92.45,88.79,97.56,96.95
SOBHA.NS,1321.2,-13.16,-32.97,93.83,54.54,99.21,99.11,46.69,48.78,1321.2,0.87,0.67,49.42,53.19,80.0,80.2,93.96,93.73
SOLARINDS.NS,14990.0,256.47,23.75,99.86,67.59,100.0,100.0,107.85,107.51,15025.0,28.37,29.55,75.96,58.92,85.82,81.44,95.46,93.18
SONACOMS.NS,580.85,15.93,6.1,75.06,67.5,97.62,96.69,37.63,43.18,580.85,-0.32,0.16,60.44,45.83,8.8,5.06,103.86,103.72
SONATSOFTW.NS,279.27,-0.8,-7.69,96.57,66.91,96.66,96.27,16.37,26.42,277.46,2.74,4.69,8.69,48.41,2.14,4.74,97.16,96.82
STARHEALTH.NS,496.65,5.56,2.3,98.23,69.28,97.69,91.86,43.61,47.78,496.0,2.78,2.84,35.02,65.74,37.7,46.94,100.74,100.26
SBIN.NS,1067.15,-11.21,-19.03,56.2,50.22,97.53,96.33,166.29,157.7,1066.7,-0.89,-0.89,19.02,44.72,65.04,76.21,96.74,96.7
SAIL.NS,171.32,3.8,1.88,90.87,65.41,98.14,98.08,73.59,76.39,171.39,0.61,0.47,87.99,66.56,94.92,96.61,92.66,93.9
SUMICHEM.NS,423.4,6.66,0.73,50.26,62.81,95.94,98.65,19.36,25.1,426.0,-0.33,-0.52,74.51,51.31,91.62,91.55,103.84,102.45
SUNPHARMA.NS,1693.1,-19.76,-11.49,64.92,43.28,28.25,17.56,148.31,136.38,1695.0,1.88,0.53,99.96,63.89,100.0,95.65,95.71,96.7
SUNTV.NS,632.2,8.27,4.56,96.45,62.14,98.06,82.58,45.21,58.08,635.1,1.06,0.61,99.14,64.38,98.98,89.53,91.12,90.68
SUNDARMFIN.NS,4993.3,-63.95,-118.22,81.74,53.22,93.63,93.76,45.72,52.86,4991.8,18.57,19.2,40.31,60.86,92.09,91.02,97.28,96.54
SUPREMEIND.NS,3663.8,-24.73,-21.9,11.69,41.47,71.43,83.9,61.71,70.82,3659.8,-30.87,-35.49,47.96,36.61,86.13,87.86,99.68,98.85
SPLPETRO.NS,770.95,26.0,22.92,83.15,64.13,75.0,72.21,43.79,63.17,770.95,0.97,1.57,42.27,52.47,41.08,30.89,89.17,90.9
SUZLON.NS,50.25,1.22,0.1,99.87,73.44,100.0,100.0,53.48,56.18,50.25,0.29,0.25,98.2,72.86,100.0,88.3,104.54,101.72
SWANCORP.NS,352.8,-8.43,-14.26,93.56,56.14,91.25,86.62,16.1,27.98,352.8,3.75,5.23,9.77,51.97,6.55,7.4,86.25,88.43
SWIGGY.NS,280.4,-7.57,-9.78,80.4,48.77,85.39,82.33,40.62,52.77,281.15,1.75,1.62,65.28,65.9,61.91,75.65,97.93,95.18
SYNGENE.NS,434.7,-5.1,-10.62,96.49,58.61,97.99,92.96,49.55,66.78,434.7,4.89,4.62,73.62,77.94,71.27,73.66,98.55,98.18
SYRMA.NS,968.75,31.29,14.92,98.1,74.09,96.96,96.96,49.5,56.84,971.0,15.07,15.14,49.23,66.83,12.27,36.16,95.86,95.15
TBOTEK.NS,1269.3,-8.91,-37.56,97.21,62.04,98.89,98.8,50.85,62.88,1268.0,8.32,9.86,46.42,62.85,25.07,17.23,93.1,91.18
TVSMOTOR.NS,3757.2,35.16,-11.62,47.13,57.2,78.84,85.78,121.69,118.09,3757.2,-5.61,-5.32,56.53,45.34,64.25,73.69,103.06,102.54
TATACHEM.NS,706.65,4.64,-9.12,51.71,60.01,97.31,99.1,63.91,74.66,708.25,-1.83,-2.77,75.31,50.1,87.91,91.94,102.05,101.86
TATACOMM.NS,1561.4,2.29,-23.34,99.22,61.01,99.98,99.99,39.52,41.74,1561.4,4.1,2.92,83.76,60.61,91.99,85.05,102.7,101.04
TCS.NS,2576.9,-12.14,-42.48,76.12,55.29,77.76,76.69,101.88,105.11,2574.0,4.88,5.66,31.69,59.78,82.28,73.03,103.95,103.16
TATACONSUM.NS,1102.6,-3.65,-13.48,93.79,56.82,98.69,98.69,66.66,77.1,1103.0,1.8,1.11,62.51,59.65,87.12,87.94,93.66,94.22
TATAELXSI.NS,4593.6,-2.85,-73.22,92.83,59.52,96.87,96.61,61.04,69.21,4599.6,16.96,11.48,71.44,64.59,92.67,95.36,106.48,106.07
TATAINVEST.NS,709.95,16.59,-0.55,80.2,68.79,98.85,99.62,24.11,35.33,708.0,-0.59,-1.18,25.63,48.6,84.11,91.58,89.38,94.08
TATAPOWER.NS,426.6,8.27,4.73,99.76,72.74,100.0,91.55,105.32,107.06,426.6,1.61,0.84,78.32,73.29,97.72,99.24,98.76,98.61
TATASTEEL.NS,210.69,2.99,1.05,98.36,63.74,99.45,99.45,110.51,112.48,210.69,0.32,0.3,44.34,58.79,95.03,96.38,102.49,99.35
TATATECH.NS,586.7,0.15,-7.84,92.39,59.75,96.49,96.07,51.8,56.14,587.5,2.24,2.6,45.54,61.1,54.31,62.7,97.81,97.52
TTML.NS,43.77,0.7,-0.44,94.8,64.48,99.04,98.7,3.86,8.32,43.95,0.17,0.13,78.5,64.79,64.08,74.3,86.19,88.52
TECHM.NS,1491.0,13.13,0.5,87.69,61.06,81.18,73.81,69.33,76.63,1491.0,3.05,3.12,53.36,60.21,90.15,85.43,110.55,108.87
TECHNOE.NS,1206.55,16.9,-0.36,97.91,65.77,99.22,96.47,68.83,70.01,1205.0,5.15,4.99,42.66,61.49,89.08,89.9,122.23,116.44
TEGA.NS,1754.1,0.38,-8.02,81.7,54.31,89.54,88.26,48.85,59.27,1740.9,3.89,4.69,19.98,50.36,60.76,61.75,100.05,98.86
TEJASNET.NS,432.25,8.2,8.05,21.61,52.22,85.98,92.62,9.39,20.18,432.5,-2.04,-2.77,86.9,44.52,87.63,83.45,75.75,80.53
NIACL.NS,169.92,6.0,-0.29,76.08,73.47,98.14,98.78,10.24,15.16,169.0,0.69,1.16,2.35,43.7,2.17,11.93,90.74,93.21
RAMCOCEM.NS,1001.9,-10.89,-25.52,77.5,53.07,99.57,98.86,62.21,69.33,1001.9,0.39,0.38,95.27,55.72,83.11,63.28,97.44,96.06
THERMAX.NS,4126.4,205.89,117.37,99.43,81.14,100.0,100.0,40.14,46.78,4092.0,10.39,16.29,11.07,44.39,39.64,48.65,110.76,104.06
TIMKEN.NS,3493.4,62.46,40.99,42.14,58.24,89.28,95.07,34.56,44.97,3493.4,-11.0,-11.99,47.7,38.62,64.57,72.5,99.64,100.52
TITAGARH.NS,737.45,9.15,-7.15,90.4,63.5,96.5,96.5,17.7,23.36,736.0,4.15,4.33,93.91,64.35,81.45,50.76,104.47,102.77
TITAN.NS,4461.4,91.87,43.75,42.33,60.99,86.8,89.98,95.55,100.65,4461.5,-7.42,-8.6,32.78,44.05,64.2,72.69,100.54,99.94
TORNTPHARM.NS,4155.9,-30.85,-29.28,54.68,48.03,79.32,76.44,74.63,78.15,4155.9,0.6,-4.27,43.86,55.68,92.23,95.33,95.44,95.48
TORNTPOWER.NS,1521.6,11.78,-5.49,99.36,63.12,100.0,99.82,60.86,58.54,1522.5,3.01,3.12,70.25,61.82,79.06,68.91,99.73,97.04
TARIL.NS,319.75,4.56,-0.15,98.33,64.22,100.0,97.94,30.86,53.22,323.1,2.65,1.76,99.79,78.31,100.0,85.49,82.81,84.79
TRENT.NS,4083.3,61.08,-9.12,92.4,64.5,97.27,96.04,129.33,121.91,4088.4,25.38,24.41,64.79,65.09,76.43,75.52,100.81,98.68
TRIDENT.NS,25.88,0.22,-0.06,90.29,58.71,97.55,96.14,17.68,28.6,25.82,0.03,0.03,9.13,51.39,71.01,88.3,93.26,91.12
TRITURBINE.NS,477.8,-1.67,-5.31,93.99,56.97,96.05,90.98,16.85,23.47,478.95,0.81,0.69,81.19,57.29,70.5,49.29,100.33,100.79
TIINDIA.NS,2752.9,49.47,30.93,72.85,60.67,93.57,94.31,95.58,103.07,2752.9,-0.89,-0.66,43.37,50.58,74.08,68.4,97.91,96.64
UCOBANK.NS,26.55,-0.18,-0.61,83.05,55.69,97.44,96.87,13.92,16.65,26.57,0.02,0.02,27.23,52.55,76.77,78.95,96.77,95.78
UNOMINDA.NS,1109.4,-8.62,-20.46,90.28,54.0,96.72,91.07,67.86,87.29,1110.0,2.46,1.52,98.8,65.57,100.0,91.03,99.25,98.08
UPL.NS,659.95,-0.45,-10.31,96.78,58.01,99.48,99.48,93.12,81.23,660.0,0.86,0.29,78.03,59.65,98.28,97.82,107.02,103.51
UTIAMC.NS,999.9,-3.25,-13.59,69.08,56.13,93.96,93.39,57.22,60.68,1000.0,1.33,1.71,82.29,54.43,100.0,91.76,92.4,92.45
ULTRACEMCO.NS,11826.0,-37.3,-200.42,87.29,56.54,97.6,96.22,122.95,119.99,11775.0,14.87,13.24,11.38,49.12,72.48,83.76,95.78,96.39
UNIONBANK.NS,188.49,1.46,-0.53,68.08,56.78,89.87,91.27,62.7,69.9,188.5,0.03,0.01,37.22,51.82,84.94,85.93,99.52,96.73
UBL.NS,1459.2,-38.98,-30.39,32.08,37.1,18.36,14.52,66.03,69.02,1458.0,-1.57,-2.86,42.65,50.56,96.8,98.02,92.6,93.56
UNITDSPR.NS,1254.5,-26.82,-29.56,62.31,44.39,65.92,65.42,82.8,101.31,1254.5,1.08,-0.26,94.48,61.99,100.0,98.39,94.32,94.74
USHAMART.NS,446.65,7.34,2.2,87.44,62.96,95.02,95.29,52.44,63.66,446.1,1.03,0.56,58.92,60.43,94.52,92.53,96.67,98.83
VTL.NS,545.45,7.8,7.71,29.41,53.96,52.48,68.94,26.48,39.4,544.5,-1.49,-1.47,8.91,35.14,50.98,75.26,83.24,87.36
VBL.NS,460.4,2.74,-5.66,98.83,67.16,99.4,99.4,121.0,127.21,465.0,3.11,2.23,98.76,75.46,93.22,76.97,98.77,95.98
VEDL.NS,782.85,22.6,11.14,99.98,74.18,100.0,100.0,179.06,139.93,781.8,3.03,3.96,10.1,56.94,3.9,7.17,110.08,105.96
VIJAYA.NS,1019.15,12.19,-4.22,99.9,68.95,100.0,100.0,15.9,19.31,1019.15,1.95,2.11,86.75,63.02,87.51,61.82,105.94,102.73
VMM.NS,117.55,0.84,-0.82,87.38,58.08,95.25,89.17,61.53,69.74,117.55,0.15,0.15,80.24,59.44,75.09,79.72,100.73,99.01
IDEA.NS,9.53,-0.19,-0.34,96.61,52.79,100.0,99.27,30.76,29.37,9.53,0.02,0.02,64.46,58.45,91.68,86.13,104.74,100.94
VOLTAS.NS,1408.8,-18.78,-37.95,98.52,56.71,100.0,98.65,116.92,111.57,1409.8,3.16,2.07,87.64,61.98,99.47,99.82,97.09,93.79
WAAREEENER.NS,3438.8,125.57,93.41,99.8,74.57,100.0,96.79,46.14,51.46,3438.8,4.17,3.77,78.03,57.02,86.45,85.29,98.76,97.01
WELCORP.NS,1077.1,58.36,33.45,99.98,81.55,100.0,100.0,44.41,49.28,1080.0,7.8,6.23,85.6,81.31,90.94,94.96,108.38,103.52
WELSPUNLIV.NS,123.83,0.49,-1.19,54.52,55.79,96.02,96.13,10.92,20.9,124.2,-0.1,-0.1,73.27,49.94,51.16,53.77,96.64,96.79
WHIRLPOOL.NS,848.65,-6.14,-11.72,82.83,52.59,90.06,82.66,32.94,48.07,848.0,0.86,-0.09,56.69,60.58,94.75,96.71,94.71,93.45
WIPRO.NS,210.26,0.8,-2.08,88.56,61.95,96.39,95.33,57.22,70.62,210.15,0.4,0.39,27.07,57.14,70.26,80.18,97.89,98.59
WOCKPHARMA.NS,1359.1,19.22,-1.43,63.15,59.93,91.91,92.71,43.81,65.43,1358.1,1.07,1.03,24.23,51.71,73.16,75.42,95.93,98.3
YESBANK.NS,19.95,-0.13,-0.41,93.78,59.47,97.24,96.76,40.86,45.79,19.95,0.11,0.11,47.66,64.8,66.13,63.99,93.78,93.82
ZFCVINDIA.NS,14358.0,-34.13,-130.72,76.39,53.63,80.36,82.55,85.81,91.53,14356.0,61.72,48.01,49.83,64.12,76.73,84.89,105.8,103.82
ZEEL.NS,80.2,-0.33,-1.66,39.08,52.4,89.92,94.05,22.49,33.22,80.21,-0.21,-0.37,20.43,46.55,79.0,88.81,85.26,88.99
ZENTEC.NS,1524.3,38.51,23.14,65.48,64.0,89.51,93.18,42.9,49.55,1529.7,0.12,-2.15,95.11,62.69,93.98,94.06,91.8,92.18
ZENSARTECH.NS,588.25,-2.53,-8.85,94.57,60.56,94.59,93.83,22.39,28.16,590.0,4.49,5.22,83.51,67.45,24.61,14.29,96.41,96.9
ZYDUSLIFE.NS,939.1,6.12,-1.44,99.69,63.22,100.0,100.0,99.24,95.6,939.0,0.94,0.84,46.81,56.08,85.11,75.83,106.73,104.53
ZYDUSWELL.NS,502.3,26.0,20.76,40.05,63.89,68.23,67.59,38.24,51.65,502.3,-1.82,-2.23,51.38,42.19,68.94,75.14,91.06,92.79
ECLERX.NS,1551.3,-42.86,-65.77,84.5,50.57,84.5,80.76,97.47,105.92,1549.8,7.56,12.41,13.86,49.03,0.84,0.28,98.48,101.24
SILVERBEES.NS,237.97,-2.28,-5.05,90.69,53.84,95.9,92.33,262.92,199.16,238.2,0.2,0.46,69.9,51.1,6.93,6.81,109.58,107.63
GOLDBEES.NS,125.61,-0.58,-1.25,93.24,52.71,98.86,96.9,135.4,131.62,125.68,0.01,0.04,79.44,52.31,42.77,39.1,104.24,103.24
